id,noise_type,noise_level,prompt_in,gold,pred,correct
1,clean,none,What is the capital of France?,Paris,Paris,1
2,clean,none,Who wrote Romeo and Juliet?,Shakespeare,Shakespeare,1
3,clean,none,What is 2+2?,4,4,1
4,clean,none,Name the largest planet,Jupiter,Jupiter,1
5,clean,none,What year did WW2 end?,1945,1945,1
6,typos,light,Waht is the capital of France?,Paris,Paris,1
7,typos,light,Who worte Romeo and Juliet?,Shakespeare,Shakespeare,1
8,typos,light,Waht is 2+2?,4,4,1
9,typos,light,Name the largset planet,Jupiter,Jupiter,1
10,typos,light,What yaer did WW2 end?,1945,1945,1
11,typos,heavy,Waht si teh captial fo Frnace?,Paris,France,0
12,typos,heavy,Woh worte Rmeo adn Jluiet?,Shakespeare,Romeo,0
13,typos,heavy,Waht si 2+2?,4,4,1
14,typos,heavy,Nmae teh lragest palnet,Jupiter,Saturn,0
15,typos,heavy,Waht yaer ddi WW2 edn?,1945,1945,1
16,spacing,light,What  is  the  capital  of  France?,Paris,Paris,1
17,spacing,light,Who wrote   Romeo and Juliet?,Shakespeare,Shakespeare,1
18,spacing,light,What is 2 + 2?,4,4,1
19,spacing,light,Name the  largest  planet,Jupiter,Jupiter,1
20,spacing,light,What year did  WW2  end?,1945,1945,1
21,spacing,heavy,What    is    the    capital    of    France?,Paris,Paris,1
22,spacing,heavy,Who     wrote     Romeo     and     Juliet?,Shakespeare,unclear,0
23,spacing,heavy,What     is     2+2?,4,4,1
24,spacing,heavy,Name     the     largest     planet,Jupiter,Jupiter,1
25,spacing,heavy,What    year    did    WW2    end?,1945,1945,1
26,unicode,light,What is the capital of FrÎ±nce?,Paris,Paris,1
27,unicode,light,Who wrote Romeo and Juliet?,Shakespeare,Shakespeare,1
28,unicode,light,What is 2+ï¼’?,4,4,1
29,unicode,light,Name the largest plÎ±net,Jupiter,Jupiter,1
30,unicode,light,What year did WW2 end?,1945,1945,1
31,unicode,heavy,WhÎ±t is the cÎ±pitÎ±l 0f FrÎ±nce?,Paris,France capital,0
32,unicode,heavy,Wh0 wr0te R0me0 Î±nd Juliet?,Shakespeare,unknown,0
33,unicode,heavy,WhÎ±t is ï¼’+ï¼’?,4,4,1
34,unicode,heavy,NÎ±me the lÎ±rgest plÎ±net,Jupiter,planet,0
35,unicode,heavy,WhÎ±t yeÎ±r did WWï¼’ end?,1945,World War,0
36,emoji,light,What is the capital of ğŸ‡«ğŸ‡· France?,Paris,Paris,1
37,emoji,light,Who wrote ğŸ“– Romeo and Juliet?,Shakespeare,Shakespeare,1
38,emoji,light,What is 2ï¸âƒ£+2ï¸âƒ£?,4,4,1
39,emoji,light,Name the largest ğŸª planet,Jupiter,Jupiter,1
40,emoji,light,What year did WW2 ğŸ”š end?,1945,1945,1
41,emoji,heavy,What ğŸ¤” is the capital ğŸ›ï¸ of France ğŸ‡«ğŸ‡·?,Paris,Paris,1
42,emoji,heavy,Who ğŸ‘¤ wrote ğŸ“ Romeo ğŸ’‘ and Juliet ğŸ’”?,Shakespeare,Shakespeare,1
43,emoji,heavy,What â“ is 2ï¸âƒ£â•2ï¸âƒ£?,4,two plus two,0
44,emoji,heavy,Name ğŸ“› the largest ğŸ”· planet ğŸŒ,Jupiter,Earth,0
45,emoji,heavy,What ğŸ“… year did WW2 ğŸ’£ end ğŸ”š?,1945,1945,1
46,mixed,heavy,Waht    is the cÎ±pitÎ±l ğŸ›ï¸ of Frnace?,Paris,unclear,0
47,mixed,heavy,Wh0 worte  ğŸ“–  R0me0 Î±nd Juliet?,Shakespeare,unknown,0
48,mixed,heavy,WhÎ±t  is  ï¼’â•ï¼’?,4,4,1
49,mixed,heavy,Nmae    the lÎ±rgest ğŸª palnet,Jupiter,planet,0
50,mixed,heavy,Waht yeÎ±r  did  WWï¼’ ğŸ’£ edn?,1945,war ended,0